row,row_id,component,variable,variable_framework,variable_pacti,kind,direction,item,framework_value,framework_loc,framework_via,pacti_value,pacti_loc,third_copy_value,third_copy_loc,third_copy_matches,status,a1_row,effect_framework,effect_pacti,note
1,GPS|gps_hdop|A.lower,GPS,gps_hdop,gps_hdop,gps_hdop,A,lower,A.lower,0.5,contract_uav_core/contract_uav_core/contracts/library.py:133,,0.5,contract_uav_core/contract_uav_core/planning/pacti_contracts.py:65,,,,match,2,all: binds (composed lo 0.5),all: binds (composed lo 0.5),
2,GPS|gps_hdop|A.upper,GPS,gps_hdop,gps_hdop,gps_hdop,A,upper,A.upper,5,contract_uav_core/contract_uav_core/contracts/library.py:133,,10,contract_uav_core/contract_uav_core/planning/pacti_contracts.py:66,,,,mismatch,2,pid: slack (composed hi 2.761904762); mpc: slack (composed hi 4.666666667); hinf: binds (composed hi 5),pid: slack (composed hi 5.428571429); mpc: binds (composed hi 10); hinf: binds (composed hi 10),
3,GPS|gps_satellites|A.lower,GPS,gps_satellites,gps_satellites,gps_satellites,A,lower,A.lower,6,contract_uav_core/contract_uav_core/contracts/library.py:132,,4,contract_uav_core/contract_uav_core/planning/pacti_contracts.py:63,,,,mismatch,1,all: binds (composed lo 6),all: binds (composed lo 4),
4,GPS|gps_satellites|A.upper,GPS,gps_satellites,gps_satellites,gps_satellites,A,upper,A.upper,30,contract_uav_core/contract_uav_core/contracts/library.py:132,,24,contract_uav_core/contract_uav_core/planning/pacti_contracts.py:64,,,,mismatch,1,all: binds (composed hi 30),all: binds (composed hi 24),
5,GPS|position_meas_error|G.lower.const,GPS,position_meas_error,position_meas_error,position_meas_error,G,lower,G.lower.const,0,contract_uav_core/contract_uav_core/contracts/library.py:143,,0,contract_uav_core/contract_uav_core/planning/pacti_contracts.py:69,,,,match,4,all: feeds only discharged obligations,all: feeds only discharged obligations,
6,GPS|position_meas_error|G.upper.const,GPS,position_meas_error,position_meas_error,position_meas_error,G,upper,G.upper.const,0,contract_uav_core/contract_uav_core/contracts/library.py:141-142,,0,contract_uav_core/contract_uav_core/planning/pacti_contracts.py:70,,,,match,3,"pid: feeds cut: PID.A position_error<=3; mpc: feeds cut: ACTUATOR.A control_effort<=1, MPC.A position_error<=5; hinf: feeds only discharged obligations",pid: feeds cut: PID.A position_est_error<=2; mpc: feeds only discharged obligations; hinf: feeds only discharged obligations,
7,GPS|position_meas_error|G.upper.coef[gps_hdop],GPS,position_meas_error,position_meas_error,position_meas_error,G,upper,G.upper.coef[gps_hdop],1.5,contract_uav_core/contract_uav_core/contracts/library.py:141-142,UERE (:52),0.5,contract_uav_core/contract_uav_core/planning/pacti_contracts.py:70,,,,mismatch,3,"pid: feeds cut: PID.A position_error<=3; mpc: feeds cut: ACTUATOR.A control_effort<=1, MPC.A position_error<=5; hinf: feeds only discharged obligations",pid: feeds cut: PID.A position_est_error<=2; mpc: feeds only discharged obligations; hinf: feeds only discharged obligations,
8,GPS|velocity_meas_error|G.lower.const,GPS,velocity_meas_error,velocity_meas_error,velocity_meas_error,G,lower,G.lower.const,0,contract_uav_core/contract_uav_core/contracts/library.py:148,,0,contract_uav_core/contract_uav_core/planning/pacti_contracts.py:71,,,,match,6,all: feeds only discharged obligations,all: feeds only discharged obligations,
9,GPS|velocity_meas_error|G.upper.const,GPS,velocity_meas_error,velocity_meas_error,velocity_meas_error,G,upper,G.upper.const,0.1,contract_uav_core/contract_uav_core/contracts/library.py:147,SIGMA_DOPPLER (:53),0,contract_uav_core/contract_uav_core/planning/pacti_contracts.py:72,,,,mismatch,5,all: feeds only discharged obligations,pid: feeds cut: PID.A velocity_est_error<=0.5; mpc: feeds only discharged obligations; hinf: feeds only discharged obligations,
10,GPS|velocity_meas_error|G.upper.coef[gps_hdop],GPS,velocity_meas_error,velocity_meas_error,velocity_meas_error,G,upper,G.upper.coef[gps_hdop],0,contract_uav_core/contract_uav_core/contracts/library.py:147,,0.1,contract_uav_core/contract_uav_core/planning/pacti_contracts.py:72,,,,mismatch,5,all: feeds only discharged obligations,pid: feeds cut: PID.A velocity_est_error<=0.5; mpc: feeds only discharged obligations; hinf: feeds only discharged obligations,implicit 0 in framework (its guarantee has no gps_hdop term)
11,IMU|imu_calibrated|A.lower,IMU,imu_calibrated,imu_calibrated,,A,lower,A.lower,1,contract_uav_core/contract_uav_core/contracts/library.py:135,,,,,,,framework_only,8,all: binds (composed lo 1),,
12,IMU|imu_calibrated|A.upper,IMU,imu_calibrated,imu_calibrated,,A,upper,A.upper,1,contract_uav_core/contract_uav_core/contracts/library.py:135,,,,,,,framework_only,8,all: binds (composed hi 1),,
13,IMU|imu_temp_deviation|A.lower,IMU,imu_temp_deviation,,imu_temp_deviation,A,lower,A.lower,,,,0,contract_uav_core/contract_uav_core/planning/pacti_contracts.py:81,,,,pacti_only,7,,all: binds (composed lo 0),
14,IMU|imu_temp_deviation|A.upper,IMU,imu_temp_deviation,,imu_temp_deviation,A,upper,A.upper,,,,20,contract_uav_core/contract_uav_core/planning/pacti_contracts.py:82,,,,pacti_only,7,,all: binds (composed hi 20),
15,IMU|imu_temperature|A.lower,IMU,imu_temperature,imu_temperature,,A,lower,A.lower,5,contract_uav_core/contract_uav_core/contracts/library.py:134,,,,,,,framework_only,7,all: binds (composed lo 5),,
16,IMU|imu_temperature|A.upper,IMU,imu_temperature,imu_temperature,,A,upper,A.upper,55,contract_uav_core/contract_uav_core/contracts/library.py:134,,,,,,,framework_only,7,all: binds (composed hi 55),,
17,IMU|attitude_meas_error|G.lower.const,IMU,attitude_meas_error,attitude_meas_error,attitude_meas_error,G,lower,G.lower.const,0,contract_uav_core/contract_uav_core/contracts/library.py:163,,0,contract_uav_core/contract_uav_core/planning/pacti_contracts.py:85,,,,match,11,all: feeds only discharged obligations,all: feeds only discharged obligations,
18,IMU|attitude_meas_error|G.upper.const,IMU,attitude_meas_error,attitude_meas_error,attitude_meas_error,G,upper,G.upper.const,0.00012,contract_uav_core/contract_uav_core/contracts/library.py:161-162,IMU_ATT_BASE (:62),0.02,contract_uav_core/contract_uav_core/planning/pacti_contracts.py:86,,,,mismatch,10,all: feeds only discharged obligations,all: feeds only discharged obligations,
19,IMU|attitude_meas_error|G.upper.coef[imu_temp_deviation],IMU,attitude_meas_error,attitude_meas_error,attitude_meas_error,G,upper,G.upper.coef[imu_temp_deviation],0,contract_uav_core/contract_uav_core/contracts/library.py:161-162,,0.005,contract_uav_core/contract_uav_core/planning/pacti_contracts.py:86,,,,mismatch,10,all: feeds only discharged obligations,all: feeds only discharged obligations,implicit 0 in framework (its guarantee has no imu_temp_deviation term)
20,IMU|attitude_meas_error|G.upper.coef[imu_temperature],IMU,attitude_meas_error,attitude_meas_error,attitude_meas_error,G,upper,G.upper.coef[imu_temperature],1.6e-05,contract_uav_core/contract_uav_core/contracts/library.py:161-162,IMU_ATT_TC (:61),0,contract_uav_core/contract_uav_core/planning/pacti_contracts.py:86,,,,mismatch,10,all: feeds only discharged obligations,all: feeds only discharged obligations,implicit 0 in Pacti library (its guarantee has no imu_temperature term)
21,IMU|rate_meas_error|G.lower.const,IMU,rate_meas_error,rate_meas_error,rate_meas_error,G,lower,G.lower.const,0,contract_uav_core/contract_uav_core/contracts/library.py:156,,0,contract_uav_core/contract_uav_core/planning/pacti_contracts.py:87,,,,match,11,all: feeds only discharged obligations,all: feeds only discharged obligations,
22,IMU|rate_meas_error|G.upper.const,IMU,rate_meas_error,rate_meas_error,rate_meas_error,G,upper,G.upper.const,0.006,contract_uav_core/contract_uav_core/contracts/library.py:154-155,IMU_RATE_BASE (:60),0.05,contract_uav_core/contract_uav_core/planning/pacti_contracts.py:88,,,,mismatch,9,all: feeds only discharged obligations,all: feeds only discharged obligations,
23,IMU|rate_meas_error|G.upper.coef[imu_temp_deviation],IMU,rate_meas_error,rate_meas_error,rate_meas_error,G,upper,G.upper.coef[imu_temp_deviation],0,contract_uav_core/contract_uav_core/contracts/library.py:154-155,,0.01,contract_uav_core/contract_uav_core/planning/pacti_contracts.py:88,,,,mismatch,9,all: feeds only discharged obligations,all: feeds only discharged obligations,implicit 0 in framework (its guarantee has no imu_temp_deviation term)
24,IMU|rate_meas_error|G.upper.coef[imu_temperature],IMU,rate_meas_error,rate_meas_error,rate_meas_error,G,upper,G.upper.coef[imu_temperature],0.0008,contract_uav_core/contract_uav_core/contracts/library.py:154-155,IMU_RATE_TC (:59),0,contract_uav_core/contract_uav_core/planning/pacti_contracts.py:88,,,,mismatch,9,all: feeds only discharged obligations,all: feeds only discharged obligations,implicit 0 in Pacti library (its guarantee has no imu_temperature term)
25,EKF|attitude_meas_error|A.lower,EKF,attitude_meas_error,attitude_meas_error,attitude_meas_error,A,lower,A.lower,0,contract_uav_core/contract_uav_core/contracts/library.py:191,,0,contract_uav_core/contract_uav_core/planning/pacti_contracts.py:106,,,,match,15,all: discharged (upstream min 0),all: discharged (upstream min 0),
26,EKF|attitude_meas_error|A.upper,EKF,attitude_meas_error,attitude_meas_error,attitude_meas_error,A,upper,A.upper,0.01,contract_uav_core/contract_uav_core/contracts/library.py:191,,0.2,contract_uav_core/contract_uav_core/planning/pacti_contracts.py:107,,,,mismatch,15,all: discharged (upstream max 0.001),all: discharged (upstream max 0.12),
27,EKF|position_meas_error|A.lower,EKF,position_meas_error,position_meas_error,position_meas_error,A,lower,A.lower,0,contract_uav_core/contract_uav_core/contracts/library.py:188,,0,contract_uav_core/contract_uav_core/planning/pacti_contracts.py:102,,,,match,12,all: discharged (upstream min 0),all: discharged (upstream min 0),
28,EKF|position_meas_error|A.upper,EKF,position_meas_error,position_meas_error,position_meas_error,A,upper,A.upper,7.5,contract_uav_core/contract_uav_core/contracts/library.py:188,UERE (:52),5,contract_uav_core/contract_uav_core/planning/pacti_contracts.py:103,,,,mismatch,12,all: discharged (upstream max 7.5),all: discharged (upstream max 5),
29,EKF|rate_meas_error|A.lower,EKF,rate_meas_error,rate_meas_error,rate_meas_error,A,lower,A.lower,0,contract_uav_core/contract_uav_core/contracts/library.py:190,,0,contract_uav_core/contract_uav_core/planning/pacti_contracts.py:108,,,,match,14,all: discharged (upstream min 0),all: discharged (upstream min 0),
30,EKF|rate_meas_error|A.upper,EKF,rate_meas_error,rate_meas_error,rate_meas_error,A,upper,A.upper,0.1,contract_uav_core/contract_uav_core/contracts/library.py:190,,0.3,contract_uav_core/contract_uav_core/planning/pacti_contracts.py:109,,,,mismatch,14,all: discharged (upstream max 0.05),all: discharged (upstream max 0.25),
31,EKF|velocity_meas_error|A.lower,EKF,velocity_meas_error,velocity_meas_error,velocity_meas_error,A,lower,A.lower,0,contract_uav_core/contract_uav_core/contracts/library.py:189,,0,contract_uav_core/contract_uav_core/planning/pacti_contracts.py:104,,,,match,13,all: discharged (upstream min 0),all: discharged (upstream min 0),
32,EKF|velocity_meas_error|A.upper,EKF,velocity_meas_error,velocity_meas_error,velocity_meas_error,A,upper,A.upper,0.5,contract_uav_core/contract_uav_core/contracts/library.py:189,,1,contract_uav_core/contract_uav_core/planning/pacti_contracts.py:105,,,,mismatch,13,all: discharged (upstream max 0.1),all: discharged (upstream max 1),
33,EKF|attitude_error|G.lower.const,EKF,attitude_error,attitude_error,attitude_est_error,G,lower,G.lower.const,0,contract_uav_core/contract_uav_core/contracts/library.py:211,,0,contract_uav_core/contract_uav_core/planning/pacti_contracts.py:117,,,,match,19,all: not assumed downstream,all: not assumed downstream,renamed: framework attitude_error / Pacti library attitude_est_error
34,EKF|attitude_error|G.upper.const,EKF,attitude_error,attitude_error,attitude_est_error,G,upper,G.upper.const,0.01,contract_uav_core/contract_uav_core/contracts/library.py:209-210,BETA_ATT (:72),0.01,contract_uav_core/contract_uav_core/planning/pacti_contracts.py:118,,,,match,18,all: not assumed downstream,all: not assumed downstream,renamed: framework attitude_error / Pacti library attitude_est_error
35,EKF|attitude_error|G.upper.coef[attitude_meas_error],EKF,attitude_error,attitude_error,attitude_est_error,G,upper,G.upper.coef[attitude_meas_error],0.3,contract_uav_core/contract_uav_core/contracts/library.py:209-210,ALPHA_ATT (:71),0.5,contract_uav_core/contract_uav_core/planning/pacti_contracts.py:118,,,,mismatch,18,all: not assumed downstream,all: not assumed downstream,renamed: framework attitude_error / Pacti library attitude_est_error
36,EKF|nees_bound|G.upper.const,EKF,nees_bound,nees_bound,,G,upper,G.upper.const,1.95,contract_uav_core/contract_uav_core/contracts/library.py:215,NEES_BOUND (:74),,,,,,framework_only,21,all: not assumed downstream,,
37,EKF|nis_bound|G.upper.const,EKF,nis_bound,nis_bound,,G,upper,G.upper.const,1.95,contract_uav_core/contract_uav_core/contracts/library.py:217,NIS_BOUND (:75),,,,,,framework_only,21,all: not assumed downstream,,
38,EKF|position_error|G.lower.const,EKF,position_error,position_error,position_est_error,G,lower,G.lower.const,0,contract_uav_core/contract_uav_core/contracts/library.py:199,,0,contract_uav_core/contract_uav_core/planning/pacti_contracts.py:113,,,,match,19,all: feeds only discharged obligations,all: feeds only discharged obligations,renamed: framework position_error / Pacti library position_est_error
39,EKF|position_error|G.upper.const,EKF,position_error,position_error,position_est_error,G,upper,G.upper.const,0.1,contract_uav_core/contract_uav_core/contracts/library.py:197-198,BETA_POS (:68),0.1,contract_uav_core/contract_uav_core/planning/pacti_contracts.py:114,,,,match,16,"pid: feeds cut: PID.A position_error<=3; mpc: feeds cut: ACTUATOR.A control_effort<=1, MPC.A position_error<=5; hinf: feeds only discharged obligations",pid: feeds cut: PID.A position_est_error<=2; mpc: feeds only discharged obligations; hinf: feeds only discharged obligations,renamed: framework position_error / Pacti library position_est_error
40,EKF|position_error|G.upper.coef[position_meas_error],EKF,position_error,position_error,position_est_error,G,upper,G.upper.coef[position_meas_error],0.7,contract_uav_core/contract_uav_core/contracts/library.py:197-198,ALPHA_POS (:67),0.7,contract_uav_core/contract_uav_core/planning/pacti_contracts.py:114,,,,match,16,"pid: feeds cut: PID.A position_error<=3; mpc: feeds cut: ACTUATOR.A control_effort<=1, MPC.A position_error<=5; hinf: feeds only discharged obligations",pid: feeds cut: PID.A position_est_error<=2; mpc: feeds only discharged obligations; hinf: feeds only discharged obligations,renamed: framework position_error / Pacti library position_est_error
41,EKF|rate_est_error|G.lower.const,EKF,rate_est_error,,rate_est_error,G,lower,G.lower.const,,,,0,contract_uav_core/contract_uav_core/planning/pacti_contracts.py:119,,,,pacti_only,20,,all: not assumed downstream,
42,EKF|rate_est_error|G.upper.const,EKF,rate_est_error,,rate_est_error,G,upper,G.upper.const,,,,0.02,contract_uav_core/contract_uav_core/planning/pacti_contracts.py:120,,,,pacti_only,20,,all: not assumed downstream,
43,EKF|rate_est_error|G.upper.coef[rate_meas_error],EKF,rate_est_error,,rate_est_error,G,upper,G.upper.coef[rate_meas_error],,,,0.5,contract_uav_core/contract_uav_core/planning/pacti_contracts.py:120,,,,pacti_only,20,,all: not assumed downstream,
44,EKF|velocity_error|G.lower.const,EKF,velocity_error,velocity_error,velocity_est_error,G,lower,G.lower.const,0,contract_uav_core/contract_uav_core/contracts/library.py:205,,0,contract_uav_core/contract_uav_core/planning/pacti_contracts.py:115,,,,match,19,all: feeds only discharged obligations,all: feeds only discharged obligations,renamed: framework velocity_error / Pacti library velocity_est_error
45,EKF|velocity_error|G.upper.const,EKF,velocity_error,velocity_error,velocity_est_error,G,upper,G.upper.const,0.05,contract_uav_core/contract_uav_core/contracts/library.py:203-204,BETA_VEL (:70),0.05,contract_uav_core/contract_uav_core/planning/pacti_contracts.py:116,,,,match,17,all: feeds only discharged obligations,pid: feeds cut: PID.A velocity_est_error<=0.5; mpc: feeds only discharged obligations; hinf: feeds only discharged obligations,renamed: framework velocity_error / Pacti library velocity_est_error
46,EKF|velocity_error|G.upper.coef[velocity_meas_error],EKF,velocity_error,velocity_error,velocity_est_error,G,upper,G.upper.coef[velocity_meas_error],0.5,contract_uav_core/contract_uav_core/contracts/library.py:203-204,ALPHA_VEL (:69),0.7,contract_uav_core/contract_uav_core/planning/pacti_contracts.py:116,,,,mismatch,17,all: feeds only discharged obligations,pid: feeds cut: PID.A velocity_est_error<=0.5; mpc: feeds only discharged obligations; hinf: feeds only discharged obligations,renamed: framework velocity_error / Pacti library velocity_est_error
47,PID|disturbance|A.lower,PID,disturbance,disturbance,,A,lower,A.lower,0,contract_uav_core/contract_uav_core/contracts/library.py:244,,,,,,,framework_only,25,pid: binds (composed lo 0),,
48,PID|disturbance|A.upper,PID,disturbance,disturbance,,A,upper,A.upper,3,contract_uav_core/contract_uav_core/contracts/library.py:244,,,,,,,framework_only,25,pid: binds (composed hi 3),,
49,PID|initial_tracking_error|A.lower,PID,initial_tracking_error,,initial_tracking_error,A,lower,A.lower,,,,0,contract_uav_core/contract_uav_core/planning/pacti_contracts.py:140,,,,pacti_only,26,,pid: binds (composed lo 0),
50,PID|initial_tracking_error|A.upper,PID,initial_tracking_error,,initial_tracking_error,A,upper,A.upper,,,,5,contract_uav_core/contract_uav_core/planning/pacti_contracts.py:141,,,,pacti_only,26,,pid: binds (composed hi 5),
51,PID|position_error|A.lower,PID,position_error,position_error,position_est_error,A,lower,A.lower,0,contract_uav_core/contract_uav_core/contracts/library.py:241,,0,contract_uav_core/contract_uav_core/planning/pacti_contracts.py:134,,,,match,22,pid: discharged (upstream min 0),pid: discharged (upstream min 0),renamed: framework position_error / Pacti library position_est_error
52,PID|position_error|A.upper,PID,position_error,position_error,position_est_error,A,upper,A.upper,3,contract_uav_core/contract_uav_core/contracts/library.py:241,,2,contract_uav_core/contract_uav_core/planning/pacti_contracts.py:135,,,,mismatch,22,pid: cut (upstream max 5.35),pid: cut (upstream max 3.6),renamed: framework position_error / Pacti library position_est_error
53,PID|velocity_error|A.lower,PID,velocity_error,velocity_error,velocity_est_error,A,lower,A.lower,0,contract_uav_core/contract_uav_core/contracts/library.py:242,,0,contract_uav_core/contract_uav_core/planning/pacti_contracts.py:136,,,,match,23,pid: discharged (upstream min 0),pid: discharged (upstream min 0),renamed: framework velocity_error / Pacti library velocity_est_error
54,PID|velocity_error|A.upper,PID,velocity_error,velocity_error,velocity_est_error,A,upper,A.upper,2,contract_uav_core/contract_uav_core/contracts/library.py:242,,0.5,contract_uav_core/contract_uav_core/planning/pacti_contracts.py:137,,,,mismatch,23,pid: discharged (upstream max 0.1),pid: cut (upstream max 0.75),renamed: framework velocity_error / Pacti library velocity_est_error
55,PID|wind_speed|A.lower,PID,wind_speed,wind_speed,wind_speed,A,lower,A.lower,0,contract_uav_core/contract_uav_core/contracts/library.py:243,,0,contract_uav_core/contract_uav_core/planning/pacti_contracts.py:138,,,,match,24,pid: binds (composed lo 0),pid: binds (composed lo 0),
56,PID|wind_speed|A.upper,PID,wind_speed,wind_speed,wind_speed,A,upper,A.upper,3,contract_uav_core/contract_uav_core/contracts/library.py:243,,3,contract_uav_core/contract_uav_core/planning/pacti_contracts.py:139,3,contract_uav_core/contract_uav_core/planning/horizon_planner.py:370; contract_uav_core/contract_uav_core/planning/integrated_planner.py:206,both,match,24,pid: binds (composed hi 3),pid: binds (composed hi 3),
57,PID|control_effort|G.lower.const,PID,control_effort,control_effort,control_effort,G,lower,G.lower.const,0.1,contract_uav_core/contract_uav_core/contracts/library.py:269,,0.2,contract_uav_core/contract_uav_core/planning/pacti_contracts.py:147,,,,mismatch,32,pid: feeds only discharged obligations,pid: feeds only discharged obligations,
58,PID|control_effort|G.upper.const,PID,control_effort,control_effort,control_effort,G,upper,G.upper.const,0.3,contract_uav_core/contract_uav_core/contracts/library.py:267-268,,0.8,contract_uav_core/contract_uav_core/planning/pacti_contracts.py:148,,,,mismatch,31,pid: feeds only discharged obligations,pid: feeds only discharged obligations,
59,PID|control_effort|G.upper.coef[disturbance],PID,control_effort,control_effort,control_effort,G,upper,G.upper.coef[disturbance],0.05,contract_uav_core/contract_uav_core/contracts/library.py:267-268,,0,contract_uav_core/contract_uav_core/planning/pacti_contracts.py:148,,,,mismatch,31,pid: feeds only discharged obligations,pid: feeds only discharged obligations,implicit 0 in Pacti library (its guarantee has no disturbance term)
60,PID|control_effort|G.upper.coef[wind_speed],PID,control_effort,control_effort,control_effort,G,upper,G.upper.coef[wind_speed],0.15,contract_uav_core/contract_uav_core/contracts/library.py:267-268,,0,contract_uav_core/contract_uav_core/planning/pacti_contracts.py:148,,,,mismatch,31,pid: feeds only discharged obligations,pid: feeds only discharged obligations,implicit 0 in Pacti library (its guarantee has no wind_speed term)
61,PID|max_tilt|G.lower.const,PID,max_tilt,max_tilt,,G,lower,G.lower.const,0,contract_uav_core/contract_uav_core/contracts/library.py:273,,,,,,,framework_only,33,pid: not assumed downstream,,
62,PID|max_tilt|G.upper.const,PID,max_tilt,max_tilt,,G,upper,G.upper.const,0.15,contract_uav_core/contract_uav_core/contracts/library.py:272,TILT_LIMIT (:85),,,,,,framework_only,33,pid: not assumed downstream,,
63,PID|settling_time|G.lower.const,PID,settling_time,settling_time,settling_time,G,lower,G.lower.const,1,contract_uav_core/contract_uav_core/contracts/library.py:263,,1,contract_uav_core/contract_uav_core/planning/pacti_contracts.py:149,,,,match,30,pid: not assumed downstream,pid: not assumed downstream,
64,PID|settling_time|G.upper.const,PID,settling_time,settling_time,settling_time,G,upper,G.upper.const,16.00813213,contract_uav_core/contract_uav_core/contracts/library.py:260-262,T_SETTLE_BASE (:83),5,contract_uav_core/contract_uav_core/planning/pacti_contracts.py:150,,,,mismatch,29,pid: not assumed downstream,pid: not assumed downstream,
65,PID|settling_time|G.upper.coef[position_error],PID,settling_time,settling_time,settling_time,G,upper,G.upper.coef[position_error],1,contract_uav_core/contract_uav_core/contracts/library.py:260-262,,0,contract_uav_core/contract_uav_core/planning/pacti_contracts.py:150,,,,mismatch,29,pid: not assumed downstream,pid: not assumed downstream,implicit 0 in Pacti library (its guarantee has no position_error term)
66,PID|settling_time|G.upper.coef[wind_speed],PID,settling_time,settling_time,settling_time,G,upper,G.upper.coef[wind_speed],2,contract_uav_core/contract_uav_core/contracts/library.py:260-262,,0,contract_uav_core/contract_uav_core/planning/pacti_contracts.py:150,,,,mismatch,29,pid: not assumed downstream,pid: not assumed downstream,implicit 0 in Pacti library (its guarantee has no wind_speed term)
67,PID|tracking_error|G.lower.const,PID,tracking_error,tracking_error,tracking_error,G,lower,G.lower.const,0,contract_uav_core/contract_uav_core/contracts/library.py:255,,0,contract_uav_core/contract_uav_core/planning/pacti_contracts.py:144,,,,match,28,pid: not assumed downstream,pid: not assumed downstream,
68,PID|tracking_error|G.upper.const,PID,tracking_error,tracking_error,tracking_error,G,upper,G.upper.const,0.2,contract_uav_core/contract_uav_core/contracts/library.py:252-254,E_FLOOR_PID (:86),0.2,contract_uav_core/contract_uav_core/planning/pacti_contracts.py:146,,,,match,27,pid: not assumed downstream,pid: not assumed downstream,
69,PID|tracking_error|G.upper.coef[position_error],PID,tracking_error,tracking_error,tracking_error,G,upper,G.upper.coef[position_error],1,contract_uav_core/contract_uav_core/contracts/library.py:252-254,,1,contract_uav_core/contract_uav_core/planning/pacti_contracts.py:146,,,,match,27,pid: not assumed downstream,pid: not assumed downstream,
70,PID|tracking_error|G.upper.coef[wind_speed],PID,tracking_error,tracking_error,tracking_error,G,upper,G.upper.coef[wind_speed],0.5,contract_uav_core/contract_uav_core/contracts/library.py:252-254,GAMMA_WIND_PID (:94),0.3,contract_uav_core/contract_uav_core/planning/pacti_contracts.py:146,,,,mismatch,27,pid: not assumed downstream,pid: not assumed downstream,
71,MPC|computation_time|A.lower,MPC,computation_time,computation_time,,A,lower,A.lower,0,contract_uav_core/contract_uav_core/contracts/library.py:364,,,,,,,framework_only,37,mpc: binds (composed lo 0),,
72,MPC|computation_time|A.upper,MPC,computation_time,computation_time,,A,upper,A.upper,0.05,contract_uav_core/contract_uav_core/contracts/library.py:364,COMPUTE_TIME_MAX (:108),,,,,,framework_only,37,mpc: binds (composed hi 0.05),,
73,MPC|initial_tracking_error|A.lower,MPC,initial_tracking_error,,initial_tracking_error,A,lower,A.lower,,,,0,contract_uav_core/contract_uav_core/planning/pacti_contracts.py:166,,,,pacti_only,38,,mpc: binds (composed lo 0),
74,MPC|initial_tracking_error|A.upper,MPC,initial_tracking_error,,initial_tracking_error,A,upper,A.upper,,,,10,contract_uav_core/contract_uav_core/planning/pacti_contracts.py:167,,,,pacti_only,38,,mpc: binds (composed hi 10),
75,MPC|position_error|A.lower,MPC,position_error,position_error,position_est_error,A,lower,A.lower,0,contract_uav_core/contract_uav_core/contracts/library.py:361,,0,contract_uav_core/contract_uav_core/planning/pacti_contracts.py:160,,,,match,34,mpc: discharged (upstream min 0),mpc: discharged (upstream min 0),renamed: framework position_error / Pacti library position_est_error
76,MPC|position_error|A.upper,MPC,position_error,position_error,position_est_error,A,upper,A.upper,5,contract_uav_core/contract_uav_core/contracts/library.py:361,,5,contract_uav_core/contract_uav_core/planning/pacti_contracts.py:161,,,,match,34,mpc: cut (upstream max 5.35),mpc: discharged (upstream max 3.6),renamed: framework position_error / Pacti library position_est_error
77,MPC|velocity_error|A.lower,MPC,velocity_error,velocity_error,velocity_est_error,A,lower,A.lower,0,contract_uav_core/contract_uav_core/contracts/library.py:362,,0,contract_uav_core/contract_uav_core/planning/pacti_contracts.py:162,,,,match,35,mpc: discharged (upstream min 0),mpc: discharged (upstream min 0),renamed: framework velocity_error / Pacti library velocity_est_error
78,MPC|velocity_error|A.upper,MPC,velocity_error,velocity_error,velocity_est_error,A,upper,A.upper,2,contract_uav_core/contract_uav_core/contracts/library.py:362,,2,contract_uav_core/contract_uav_core/planning/pacti_contracts.py:163,,,,match,35,mpc: discharged (upstream max 0.1),mpc: discharged (upstream max 0.75),renamed: framework velocity_error / Pacti library velocity_est_error
79,MPC|wind_speed|A.lower,MPC,wind_speed,wind_speed,wind_speed,A,lower,A.lower,0,contract_uav_core/contract_uav_core/contracts/library.py:363,,0,contract_uav_core/contract_uav_core/planning/pacti_contracts.py:164,,,,match,36,mpc: binds (composed lo 0),mpc: binds (composed lo 0),
80,MPC|wind_speed|A.upper,MPC,wind_speed,wind_speed,wind_speed,A,upper,A.upper,15,contract_uav_core/contract_uav_core/contracts/library.py:363,,8,contract_uav_core/contract_uav_core/planning/pacti_contracts.py:165,8,contract_uav_core/contract_uav_core/planning/horizon_planner.py:370; contract_uav_core/contract_uav_core/planning/integrated_planner.py:206,pacti_library,mismatch,36,mpc: slack (composed hi 9.609375),mpc: binds (composed hi 8),
81,MPC|control_effort|G.lower.const,MPC,control_effort,control_effort,control_effort,G,lower,G.lower.const,0.1,contract_uav_core/contract_uav_core/contracts/library.py:386,,0.1,contract_uav_core/contract_uav_core/planning/pacti_contracts.py:173,,,,match,43,mpc: feeds only discharged obligations,mpc: feeds only discharged obligations,
82,MPC|control_effort|G.upper.const,MPC,control_effort,control_effort,control_effort,G,upper,G.upper.const,0.2,contract_uav_core/contract_uav_core/contracts/library.py:384-385,,0.7,contract_uav_core/contract_uav_core/planning/pacti_contracts.py:174,,,,mismatch,42,mpc: feeds cut: ACTUATOR.A control_effort<=1,mpc: feeds only discharged obligations,
83,MPC|control_effort|G.upper.coef[position_error],MPC,control_effort,control_effort,control_effort,G,upper,G.upper.coef[position_error],0.05,contract_uav_core/contract_uav_core/contracts/library.py:384-385,,0,contract_uav_core/contract_uav_core/planning/pacti_contracts.py:174,,,,mismatch,42,mpc: feeds cut: ACTUATOR.A control_effort<=1,mpc: feeds only discharged obligations,implicit 0 in Pacti library (its guarantee has no position_error term)
84,MPC|control_effort|G.upper.coef[wind_speed],MPC,control_effort,control_effort,control_effort,G,upper,G.upper.coef[wind_speed],0.08,contract_uav_core/contract_uav_core/contracts/library.py:384-385,,0,contract_uav_core/contract_uav_core/planning/pacti_contracts.py:174,,,,mismatch,42,mpc: feeds cut: ACTUATOR.A control_effort<=1,mpc: feeds only discharged obligations,implicit 0 in Pacti library (its guarantee has no wind_speed term)
85,MPC|settling_time|G.lower.const,MPC,settling_time,settling_time,settling_time,G,lower,G.lower.const,1.5,contract_uav_core/contract_uav_core/contracts/library.py:380,,1.5,contract_uav_core/contract_uav_core/planning/pacti_contracts.py:175,,,,match,41,mpc: not assumed downstream,mpc: not assumed downstream,
86,MPC|settling_time|G.upper.const,MPC,settling_time,settling_time,settling_time,G,upper,G.upper.const,3,contract_uav_core/contract_uav_core/contracts/library.py:378-379,,7,contract_uav_core/contract_uav_core/planning/pacti_contracts.py:176,,,,mismatch,40,mpc: not assumed downstream,mpc: not assumed downstream,
87,MPC|settling_time|G.upper.coef[position_error],MPC,settling_time,settling_time,settling_time,G,upper,G.upper.coef[position_error],0.3,contract_uav_core/contract_uav_core/contracts/library.py:378-379,,0,contract_uav_core/contract_uav_core/planning/pacti_contracts.py:176,,,,mismatch,40,mpc: not assumed downstream,mpc: not assumed downstream,implicit 0 in Pacti library (its guarantee has no position_error term)
88,MPC|settling_time|G.upper.coef[wind_speed],MPC,settling_time,settling_time,settling_time,G,upper,G.upper.coef[wind_speed],0.5,contract_uav_core/contract_uav_core/contracts/library.py:378-379,,0,contract_uav_core/contract_uav_core/planning/pacti_contracts.py:176,,,,mismatch,40,mpc: not assumed downstream,mpc: not assumed downstream,implicit 0 in Pacti library (its guarantee has no wind_speed term)
89,MPC|tracking_error|G.lower.const,MPC,tracking_error,tracking_error,tracking_error,G,lower,G.lower.const,0,contract_uav_core/contract_uav_core/contracts/library.py:374,,0,contract_uav_core/contract_uav_core/planning/pacti_contracts.py:170,,,,match,,mpc: not assumed downstream,mpc: not assumed downstream,
90,MPC|tracking_error|G.upper.const,MPC,tracking_error,tracking_error,tracking_error,G,upper,G.upper.const,0.1,contract_uav_core/contract_uav_core/contracts/library.py:370-373,E_FLOOR_MPC (:107),0.1,contract_uav_core/contract_uav_core/planning/pacti_contracts.py:172,,,,match,39,mpc: not assumed downstream,mpc: not assumed downstream,
91,MPC|tracking_error|G.upper.coef[position_error],MPC,tracking_error,tracking_error,tracking_error,G,upper,G.upper.coef[position_error],0.3,contract_uav_core/contract_uav_core/contracts/library.py:370-373,ALPHA_MPC (:105),0.3,contract_uav_core/contract_uav_core/planning/pacti_contracts.py:172,,,,match,39,mpc: not assumed downstream,mpc: not assumed downstream,
92,MPC|tracking_error|G.upper.coef[wind_speed],MPC,tracking_error,tracking_error,tracking_error,G,upper,G.upper.coef[wind_speed],0.15,contract_uav_core/contract_uav_core/contracts/library.py:370-373,BETA_MPC (:106),0.15,contract_uav_core/contract_uav_core/planning/pacti_contracts.py:172,,,,match,39,mpc: not assumed downstream,mpc: not assumed downstream,
93,HINF|disturbance|A.lower,HINF,disturbance,disturbance,,A,lower,A.lower,0,contract_uav_core/contract_uav_core/contracts/library.py:301,,,,,,,framework_only,47,hinf: binds (composed lo 0),,
94,HINF|disturbance|A.upper,HINF,disturbance,disturbance,,A,upper,A.upper,20,contract_uav_core/contract_uav_core/contracts/library.py:301,,,,,,,framework_only,47,hinf: binds (composed hi 20),,
95,HINF|initial_tracking_error|A.lower,HINF,initial_tracking_error,,initial_tracking_error,A,lower,A.lower,,,,0,contract_uav_core/contract_uav_core/planning/pacti_contracts.py:193,,,,pacti_only,48,,hinf: binds (composed lo 0),
96,HINF|initial_tracking_error|A.upper,HINF,initial_tracking_error,,initial_tracking_error,A,upper,A.upper,,,,20,contract_uav_core/contract_uav_core/planning/pacti_contracts.py:194,,,,pacti_only,48,,hinf: binds (composed hi 20),
97,HINF|position_error|A.lower,HINF,position_error,position_error,position_est_error,A,lower,A.lower,0,contract_uav_core/contract_uav_core/contracts/library.py:298,,0,contract_uav_core/contract_uav_core/planning/pacti_contracts.py:187,,,,match,44,hinf: discharged (upstream min 0),hinf: discharged (upstream min 0),renamed: framework position_error / Pacti library position_est_error
98,HINF|position_error|A.upper,HINF,position_error,position_error,position_est_error,A,upper,A.upper,50,contract_uav_core/contract_uav_core/contracts/library.py:298,,10,contract_uav_core/contract_uav_core/planning/pacti_contracts.py:188,,,,mismatch,44,hinf: discharged (upstream max 5.35),hinf: discharged (upstream max 3.6),renamed: framework position_error / Pacti library position_est_error
99,HINF|velocity_error|A.lower,HINF,velocity_error,velocity_error,velocity_est_error,A,lower,A.lower,0,contract_uav_core/contract_uav_core/contracts/library.py:299,,0,contract_uav_core/contract_uav_core/planning/pacti_contracts.py:189,,,,match,45,hinf: discharged (upstream min 0),hinf: discharged (upstream min 0),renamed: framework velocity_error / Pacti library velocity_est_error
100,HINF|velocity_error|A.upper,HINF,velocity_error,velocity_error,velocity_est_error,A,upper,A.upper,30,contract_uav_core/contract_uav_core/contracts/library.py:299,,5,contract_uav_core/contract_uav_core/planning/pacti_contracts.py:190,,,,mismatch,45,hinf: discharged (upstream max 0.1),hinf: discharged (upstream max 0.75),renamed: framework velocity_error / Pacti library velocity_est_error
101,HINF|wind_speed|A.lower,HINF,wind_speed,wind_speed,wind_speed,A,lower,A.lower,0,contract_uav_core/contract_uav_core/contracts/library.py:300,,0,contract_uav_core/contract_uav_core/planning/pacti_contracts.py:191,,,,match,46,hinf: binds (composed lo 0),hinf: binds (composed lo 0),
102,HINF|wind_speed|A.upper,HINF,wind_speed,wind_speed,wind_speed,A,upper,A.upper,25,contract_uav_core/contract_uav_core/contracts/library.py:300,,15,contract_uav_core/contract_uav_core/planning/pacti_contracts.py:192,15,contract_uav_core/contract_uav_core/planning/horizon_planner.py:370; contract_uav_core/contract_uav_core/planning/integrated_planner.py:206,pacti_library,mismatch,46,hinf: slack (composed hi 20),hinf: binds (composed hi 15),
103,HINF|control_effort|G.lower.const,HINF,control_effort,control_effort,control_effort,G,lower,G.lower.const,0.2,contract_uav_core/contract_uav_core/contracts/library.py:329,,0.3,contract_uav_core/contract_uav_core/planning/pacti_contracts.py:200,,,,mismatch,51,hinf: feeds only discharged obligations,hinf: feeds only discharged obligations,
104,HINF|control_effort|G.upper.const,HINF,control_effort,control_effort,control_effort,G,upper,G.upper.const,0.4,contract_uav_core/contract_uav_core/contracts/library.py:327-328,,0.9,contract_uav_core/contract_uav_core/planning/pacti_contracts.py:201,,,,mismatch,51,hinf: feeds cut: ACTUATOR.A control_effort<=1,hinf: feeds only discharged obligations,
105,HINF|control_effort|G.upper.coef[disturbance],HINF,control_effort,control_effort,control_effort,G,upper,G.upper.coef[disturbance],0.005,contract_uav_core/contract_uav_core/contracts/library.py:327-328,,0,contract_uav_core/contract_uav_core/planning/pacti_contracts.py:201,,,,mismatch,51,hinf: feeds cut: ACTUATOR.A control_effort<=1,hinf: feeds only discharged obligations,implicit 0 in Pacti library (its guarantee has no disturbance term)
106,HINF|control_effort|G.upper.coef[wind_speed],HINF,control_effort,control_effort,control_effort,G,upper,G.upper.coef[wind_speed],0.03,contract_uav_core/contract_uav_core/contracts/library.py:327-328,,0,contract_uav_core/contract_uav_core/planning/pacti_contracts.py:201,,,,mismatch,51,hinf: feeds cut: ACTUATOR.A control_effort<=1,hinf: feeds only discharged obligations,implicit 0 in Pacti library (its guarantee has no wind_speed term)
107,HINF|rate_damping|G.lower.const,HINF,rate_damping,rate_damping,,G,lower,G.lower.const,0.8,contract_uav_core/contract_uav_core/contracts/library.py:333-334,K_RATE_DAMP (:100),,,,,,framework_only,52,hinf: not assumed downstream,,
108,HINF|stabilization_time|G.lower.const,HINF,stabilization_time,stabilization_time,settling_time,G,lower,G.lower.const,2,contract_uav_core/contract_uav_core/contracts/library.py:317,,3,contract_uav_core/contract_uav_core/planning/pacti_contracts.py:202,,,,mismatch,50,hinf: not assumed downstream,hinf: not assumed downstream,renamed: framework stabilization_time / Pacti library settling_time
109,HINF|stabilization_time|G.upper.const,HINF,stabilization_time,stabilization_time,settling_time,G,upper,G.upper.const,3,contract_uav_core/contract_uav_core/contracts/library.py:315-316,,10,contract_uav_core/contract_uav_core/planning/pacti_contracts.py:203,,,,mismatch,50,hinf: not assumed downstream,hinf: not assumed downstream,renamed: framework stabilization_time / Pacti library settling_time
110,HINF|stabilization_time|G.upper.coef[position_error],HINF,stabilization_time,stabilization_time,settling_time,G,upper,G.upper.coef[position_error],0.2,contract_uav_core/contract_uav_core/contracts/library.py:315-316,,0,contract_uav_core/contract_uav_core/planning/pacti_contracts.py:203,,,,mismatch,50,hinf: not assumed downstream,hinf: not assumed downstream,implicit 0 in Pacti library (its guarantee has no position_error term); renamed: framework stabilization_time / Pacti library settling_time
111,HINF|stabilization_time|G.upper.coef[wind_speed],HINF,stabilization_time,stabilization_time,settling_time,G,upper,G.upper.coef[wind_speed],0.3,contract_uav_core/contract_uav_core/contracts/library.py:315-316,,0,contract_uav_core/contract_uav_core/planning/pacti_contracts.py:203,,,,mismatch,50,hinf: not assumed downstream,hinf: not assumed downstream,implicit 0 in Pacti library (its guarantee has no wind_speed term); renamed: framework stabilization_time / Pacti library settling_time
112,HINF|tilt_angle|G.lower.const,HINF,tilt_angle,tilt_angle,,G,lower,G.lower.const,0,contract_uav_core/contract_uav_core/contracts/library.py:324,,,,,,,framework_only,52,hinf: not assumed downstream,,
113,HINF|tilt_angle|G.upper.const,HINF,tilt_angle,tilt_angle,,G,upper,G.upper.const,0.15,contract_uav_core/contract_uav_core/contracts/library.py:321-323,,,,,,,framework_only,52,hinf: not assumed downstream,,
114,HINF|tilt_angle|G.upper.coef[disturbance],HINF,tilt_angle,tilt_angle,,G,upper,G.upper.coef[disturbance],0.2,contract_uav_core/contract_uav_core/contracts/library.py:321-323,K_ATT_GAIN (:101),,,,,,framework_only,52,hinf: not assumed downstream,,
115,HINF|tilt_angle|G.upper.coef[wind_speed],HINF,tilt_angle,tilt_angle,,G,upper,G.upper.coef[wind_speed],0.01,contract_uav_core/contract_uav_core/contracts/library.py:321-323,,,,,,,framework_only,52,hinf: not assumed downstream,,
116,HINF|tracking_error|G.lower.const,HINF,tracking_error,tracking_error,tracking_error,G,lower,G.lower.const,0,contract_uav_core/contract_uav_core/contracts/library.py:311,,0,contract_uav_core/contract_uav_core/planning/pacti_contracts.py:197,,,,match,,hinf: not assumed downstream,hinf: not assumed downstream,
117,HINF|tracking_error|G.upper.const,HINF,tracking_error,tracking_error,tracking_error,G,upper,G.upper.const,1,contract_uav_core/contract_uav_core/contracts/library.py:307-310,E_BASE_HINF (:99),1,contract_uav_core/contract_uav_core/planning/pacti_contracts.py:199,,,,match,49,hinf: not assumed downstream,hinf: not assumed downstream,
118,HINF|tracking_error|G.upper.coef[position_error],HINF,tracking_error,tracking_error,tracking_error,G,upper,G.upper.coef[position_error],1,contract_uav_core/contract_uav_core/contracts/library.py:307-310,,1,contract_uav_core/contract_uav_core/planning/pacti_contracts.py:199,,,,match,49,hinf: not assumed downstream,hinf: not assumed downstream,
119,HINF|tracking_error|G.upper.coef[wind_speed],HINF,tracking_error,tracking_error,tracking_error,G,upper,G.upper.coef[wind_speed],0.5,contract_uav_core/contract_uav_core/contracts/library.py:307-310,GAMMA_WIND_HINF (:98),0.5,contract_uav_core/contract_uav_core/planning/pacti_contracts.py:199,,,,match,49,hinf: not assumed downstream,hinf: not assumed downstream,
120,ACTUATOR|battery_voltage|A.lower,ACTUATOR,battery_voltage,battery_voltage,battery_voltage,A,lower,A.lower,11,contract_uav_core/contract_uav_core/contracts/library.py:410,,10.5,contract_uav_core/contract_uav_core/planning/pacti_contracts.py:217,,,,mismatch,54,all: binds (composed lo 11),all: binds (composed lo 10.5),
121,ACTUATOR|battery_voltage|A.upper,ACTUATOR,battery_voltage,battery_voltage,battery_voltage,A,upper,A.upper,12.6,contract_uav_core/contract_uav_core/contracts/library.py:410,,12.6,contract_uav_core/contract_uav_core/planning/pacti_contracts.py:218,,,,match,54,all: binds (composed hi 12.6),all: binds (composed hi 12.6),
122,ACTUATOR|control_effort|A.lower,ACTUATOR,control_effort,control_effort,control_effort,A,lower,A.lower,0,contract_uav_core/contract_uav_core/contracts/library.py:409,,0,contract_uav_core/contract_uav_core/planning/pacti_contracts.py:215,,,,match,53,pid: discharged (upstream min 0.1); mpc: discharged (upstream min 0.1); hinf: discharged (upstream min 0.2),pid: discharged (upstream min 0.2); mpc: discharged (upstream min 0.1); hinf: discharged (upstream min 0.3),
123,ACTUATOR|control_effort|A.upper,ACTUATOR,control_effort,control_effort,control_effort,A,upper,A.upper,1,contract_uav_core/contract_uav_core/contracts/library.py:409,,1,contract_uav_core/contract_uav_core/planning/pacti_contracts.py:216,,,,match,53,pid: discharged (upstream max 0.9); mpc: cut (upstream max 1.65); hinf: cut (upstream max 1.25),pid: discharged (upstream max 0.8); mpc: discharged (upstream max 0.7); hinf: discharged (upstream max 0.9),
124,ACTUATOR|motor_temperature|A.lower,ACTUATOR,motor_temperature,motor_temperature,motor_temp,A,lower,A.lower,20,contract_uav_core/contract_uav_core/contracts/library.py:411,,10,contract_uav_core/contract_uav_core/planning/pacti_contracts.py:219,,,,mismatch,55,all: binds (composed lo 20),all: binds (composed lo 10),renamed: framework motor_temperature / Pacti library motor_temp
125,ACTUATOR|motor_temperature|A.upper,ACTUATOR,motor_temperature,motor_temperature,motor_temp,A,upper,A.upper,80,contract_uav_core/contract_uav_core/contracts/library.py:411,,80,contract_uav_core/contract_uav_core/planning/pacti_contracts.py:220,,,,match,55,all: binds (composed hi 80),all: binds (composed hi 80),renamed: framework motor_temperature / Pacti library motor_temp
126,ACTUATOR|response_time|G.lower.const,ACTUATOR,response_time,response_time,,G,lower,G.lower.const,0.005,contract_uav_core/contract_uav_core/contracts/library.py:431,,,,,,,framework_only,,all: not assumed downstream,,
127,ACTUATOR|response_time|G.upper.const,ACTUATOR,response_time,response_time,,G,upper,G.upper.const,0.015,contract_uav_core/contract_uav_core/contracts/library.py:428-430,TAU_MOTOR (:111),,,,,,framework_only,,all: not assumed downstream,,
128,ACTUATOR|response_time|G.upper.coef[control_effort],ACTUATOR,response_time,response_time,,G,upper,G.upper.coef[control_effort],0.01,contract_uav_core/contract_uav_core/contracts/library.py:428-430,,,,,,,framework_only,,all: not assumed downstream,,
129,ACTUATOR|response_time|G.upper.coef[motor_temperature],ACTUATOR,response_time,response_time,,G,upper,G.upper.coef[motor_temperature],0.0005,contract_uav_core/contract_uav_core/contracts/library.py:428-430,,,,,,,framework_only,,all: not assumed downstream,,
130,ACTUATOR|thrust_accuracy|G.lower.const,ACTUATOR,thrust_accuracy,thrust_accuracy,thrust_accuracy,G,lower,G.lower.const,0.6,contract_uav_core/contract_uav_core/contracts/library.py:417-420,,0.9,contract_uav_core/contract_uav_core/planning/pacti_contracts.py:224,,,,mismatch,,all: not assumed downstream,all: not assumed downstream,
131,ACTUATOR|thrust_accuracy|G.lower.coef[battery_voltage],ACTUATOR,thrust_accuracy,thrust_accuracy,thrust_accuracy,G,lower,G.lower.coef[battery_voltage],0.03,contract_uav_core/contract_uav_core/contracts/library.py:417-420,K_V_THRUST (:112),0,contract_uav_core/contract_uav_core/planning/pacti_contracts.py:224,,,,mismatch,,all: not assumed downstream,all: not assumed downstream,implicit 0 in Pacti library (its guarantee has no battery_voltage term)
132,ACTUATOR|thrust_accuracy|G.lower.coef[motor_temperature],ACTUATOR,thrust_accuracy,thrust_accuracy,thrust_accuracy,G,lower,G.lower.coef[motor_temperature],-0.0005,contract_uav_core/contract_uav_core/contracts/library.py:417-420,K_T_DERATE (:113),0,contract_uav_core/contract_uav_core/planning/pacti_contracts.py:224,,,,mismatch,,all: not assumed downstream,all: not assumed downstream,implicit 0 in Pacti library (its guarantee has no motor_temperature term)
133,ACTUATOR|thrust_accuracy|G.upper.const,ACTUATOR,thrust_accuracy,thrust_accuracy,thrust_accuracy,G,upper,G.upper.const,1.4,contract_uav_core/contract_uav_core/contracts/library.py:422-424,,1.1,contract_uav_core/contract_uav_core/planning/pacti_contracts.py:225,,,,mismatch,,all: not assumed downstream,all: not assumed downstream,
134,ACTUATOR|thrust_accuracy|G.upper.coef[battery_voltage],ACTUATOR,thrust_accuracy,thrust_accuracy,thrust_accuracy,G,upper,G.upper.coef[battery_voltage],-0.03,contract_uav_core/contract_uav_core/contracts/library.py:422-424,K_V_THRUST (:112),0,contract_uav_core/contract_uav_core/planning/pacti_contracts.py:225,,,,mismatch,,all: not assumed downstream,all: not assumed downstream,implicit 0 in Pacti library (its guarantee has no battery_voltage term)
135,ACTUATOR|thrust_accuracy|G.upper.coef[motor_temperature],ACTUATOR,thrust_accuracy,thrust_accuracy,thrust_accuracy,G,upper,G.upper.coef[motor_temperature],0.0005,contract_uav_core/contract_uav_core/contracts/library.py:422-424,K_T_DERATE (:113),0,contract_uav_core/contract_uav_core/planning/pacti_contracts.py:225,,,,mismatch,,all: not assumed downstream,all: not assumed downstream,implicit 0 in Pacti library (its guarantee has no motor_temperature term)
136,ACTUATOR|thrust_bandwidth|G.lower.const,ACTUATOR,thrust_bandwidth,thrust_bandwidth,,G,lower,G.lower.const,10.6103385,contract_uav_core/contract_uav_core/contracts/library.py:435-437,TAU_MOTOR (:111),,,,,,framework_only,,all: not assumed downstream,,
137,ACTUATOR|torque_accuracy|G.lower.const,ACTUATOR,torque_accuracy,,torque_accuracy,G,lower,G.lower.const,,,,0.9,contract_uav_core/contract_uav_core/planning/pacti_contracts.py:226,,,,pacti_only,,,all: not assumed downstream,
138,ACTUATOR|torque_accuracy|G.upper.const,ACTUATOR,torque_accuracy,,torque_accuracy,G,upper,G.upper.const,,,,1.1,contract_uav_core/contract_uav_core/planning/pacti_contracts.py:227,,,,pacti_only,,,all: not assumed downstream,
139,DYNAMICS|control_effort|A.lower,DYNAMICS,control_effort,,control_effort,A,lower,A.lower,,,,0,contract_uav_core/contract_uav_core/planning/pacti_contracts.py:242,,,,pacti_only,,,not in any pipeline,
140,DYNAMICS|control_effort|A.upper,DYNAMICS,control_effort,,control_effort,A,upper,A.upper,,,,1,contract_uav_core/contract_uav_core/planning/pacti_contracts.py:243,,,,pacti_only,,,not in any pipeline,
141,DYNAMICS|dt|A.lower,DYNAMICS,dt,,dt,A,lower,A.lower,,,,0.01,contract_uav_core/contract_uav_core/planning/pacti_contracts.py:246,,,,pacti_only,,,not in any pipeline,
142,DYNAMICS|dt|A.upper,DYNAMICS,dt,,dt,A,upper,A.upper,,,,0.1,contract_uav_core/contract_uav_core/planning/pacti_contracts.py:247,,,,pacti_only,,,not in any pipeline,
143,DYNAMICS|tracking_error|A.lower,DYNAMICS,tracking_error,,tracking_error,A,lower,A.lower,,,,0,contract_uav_core/contract_uav_core/planning/pacti_contracts.py:240,,,,pacti_only,,,not in any pipeline,
144,DYNAMICS|tracking_error|A.upper,DYNAMICS,tracking_error,,tracking_error,A,upper,A.upper,,,,10,contract_uav_core/contract_uav_core/planning/pacti_contracts.py:241,,,,pacti_only,,,not in any pipeline,
145,DYNAMICS|wind_speed|A.lower,DYNAMICS,wind_speed,,wind_speed,A,lower,A.lower,,,,0,contract_uav_core/contract_uav_core/planning/pacti_contracts.py:244,,,,pacti_only,,,not in any pipeline,
146,DYNAMICS|wind_speed|A.upper,DYNAMICS,wind_speed,,wind_speed,A,upper,A.upper,,,,15,contract_uav_core/contract_uav_core/planning/pacti_contracts.py:245,,,,pacti_only,,,not in any pipeline,
147,DYNAMICS|next_tracking_error|G.lower.const,DYNAMICS,next_tracking_error,,next_tracking_error,G,lower,G.lower.const,,,,0,contract_uav_core/contract_uav_core/planning/pacti_contracts.py:250,,,,pacti_only,,,not in any pipeline,
148,DYNAMICS|next_tracking_error|G.upper.const,DYNAMICS,next_tracking_error,,next_tracking_error,G,upper,G.upper.const,,,,0,contract_uav_core/contract_uav_core/planning/pacti_contracts.py:253,,,,pacti_only,,,not in any pipeline,
149,DYNAMICS|next_tracking_error|G.upper.coef[tracking_error],DYNAMICS,next_tracking_error,,next_tracking_error,G,upper,G.upper.coef[tracking_error],,,,0.9,contract_uav_core/contract_uav_core/planning/pacti_contracts.py:253,,,,pacti_only,,,not in any pipeline,
150,DYNAMICS|next_tracking_error|G.upper.coef[wind_speed],DYNAMICS,next_tracking_error,,next_tracking_error,G,upper,G.upper.coef[wind_speed],,,,0.1,contract_uav_core/contract_uav_core/planning/pacti_contracts.py:253,,,,pacti_only,,,not in any pipeline,
151,DYNAMICS|position_change|G.lower.const,DYNAMICS,position_change,,position_change,G,lower,G.lower.const,,,,0,contract_uav_core/contract_uav_core/planning/pacti_contracts.py:254,,,,pacti_only,,,not in any pipeline,
152,DYNAMICS|position_change|G.upper.const,DYNAMICS,position_change,,position_change,G,upper,G.upper.const,,,,0,contract_uav_core/contract_uav_core/planning/pacti_contracts.py:255,,,,pacti_only,,,not in any pipeline,
153,DYNAMICS|position_change|G.upper.coef[dt],DYNAMICS,position_change,,position_change,G,upper,G.upper.coef[dt],,,,2,contract_uav_core/contract_uav_core/planning/pacti_contracts.py:255,,,,pacti_only,,,not in any pipeline,
